G,AB,H,AVG,salary,allstar,birthYear,birthCountry,weight,height,bats,debutYear,ageDebut
626,1990,524,0.263316583,8.00E+06,1,1974,Other,220,72,L,1996,22
165,413,102,0.246973366,550000,0,1984,Other,200,70,B,2007,23
176,328,70,0.213414634,509500,0,1991,Other,217,71,B,2014,23
818,2336,609,0.260702055,797500,0,1988,USA,245,75,L,2012,24
151,396,92,0.232323232,501000,0,1985,Other,210,74,L,2013,28
422,990,246,0.248484848,506500,0,1989,Other,195,73,B,2013,24
613,2014,475,0.235849057,515050,0,1990,USA,200,74,R,2014,24
167,428,81,0.189252336,510000,0,1991,Other,170,70,B,2014,23
116,344,70,0.203488372,482500,0,1986,USA,230,74,L,2009,23
16,29,3,0.103448276,414000,0,1978,Other,245,74,R,2001,23
1072,3362,872,0.259369423,1560000,1,1987,Other,230,73,L,2010,23
359,1016,222,0.218503937,515500,0,1991,Other,215,77,R,2014,23
1243,4985,1568,0.314543631,1685240,1,1990,Other,166,66,R,2011,21
95,100,22,0.22,1953240,0,1990,Other,205,72,R,2011,21
910,2980,704,0.236241611,3446950.667,1,1987,Other,250,75,L,2010,23
702,1750,404,0.230857143,659875,0,1989,Other,160,66,L,2011,22
67,146,29,0.198630137,1300000,0,1978,Other,165,71,B,2002,24
188,87,12,0.137931034,5607500,0,1988,USA,230,76,L,2009,21
169,264,25,0.09469697,516350,0,1987,USA,210,73,R,2014,27
215,651,161,0.247311828,1525000,1,1972,USA,190,75,L,1994,22
75,118,11,0.093220339,509500,0,1989,USA,213,74,L,2016,27
402,1200,284,0.236666667,930375,0,1984,USA,185,71,R,2005,21
431,1249,286,0.228983187,2081250,0,1979,USA,210,73,L,1999,20
759,2716,774,0.284977909,2832500,0,1982,Other,180,69,L,2012,30
214,80,8,0.1,1527778,1,1988,USA,195,74,R,2012,24
288,983,231,0.234994914,526666.6667,0,1991,Other,225,72,L,2013,22
1031,3936,1160,0.294715447,2004166.667,1,1991,USA,215,74,R,2013,22
436,931,241,0.258861439,981750,0,1984,Other,185,73,R,2006,22
255,359,60,0.167130919,2709000,0,1986,USA,230,76,R,2010,24
200,362,46,0.127071823,10588144.5,1,1977,USA,185,75,R,2000,23
22,41,8,0.195121951,3.00E+06,0,1990,Other,230,73,R,2014,24
390,1238,290,0.234248788,515833.3333,0,1990,USA,205,73,L,2013,23
170,494,110,0.222672065,5525000,0,1979,USA,190,74,R,2003,24
60,122,26,0.213114754,1.00E+06,1,1971,USA,170,72,R,1995,24
57,158,42,0.265822785,925000,1,1969,USA,190,71,R,1993,24
995,2922,688,0.235455168,2334271.429,1,1987,USA,210,71,L,2009,22
813,2590,650,0.250965251,1742937.5,0,1981,USA,205,70,R,2008,27
1243,4595,1250,0.27203482,5604375,1,1984,Other,195,70,B,2006,22
405,21,2,0.095238095,1236500,0,1983,USA,205,77,R,2008,25
665,2316,626,0.27029361,512000,1,1992,Other,190,72,R,2014,22
230,352,57,0.161931818,6519142.857,0,1986,USA,223,76,R,2007,21
529,1255,333,0.265338645,1273333.333,0,1981,Other,220,74,R,2005,24
298,879,207,0.235494881,631166.6667,0,1981,USA,215,73,L,2008,27
115,21,2,0.095238095,4150000,0,1981,USA,215,76,R,2005,24
96,265,62,0.233962264,410500,0,1984,Other,220,74,R,2007,23
426,1368,308,0.225146199,2562500,0,1975,USA,250,74,R,1999,24
87,131,29,0.221374046,407500,0,1981,USA,190,71,R,2007,26
155,467,104,0.222698073,1600000,0,1978,USA,225,75,B,2002,24
808,2451,576,0.23500612,3239285.714,0,1979,USA,200,73,R,2003,24
318,691,158,0.228654124,512500,0,1989,USA,187,70,R,2015,26
484,1172,284,0.242320819,664233.3333,0,1986,USA,210,74,R,2012,26
814,2536,625,0.246451104,1225666.667,0,1985,USA,180,70,R,2010,25
590,1819,455,0.250137438,517500,0,1991,USA,192,71,B,2014,23
443,1608,426,0.264925373,3296250,1,1979,USA,190,72,R,2004,25
192,38,4,0.105263158,571300,0,1987,USA,200,74,R,2011,24
184,21,1,0.047619048,3.00E+06,0,1971,Other,210,73,R,1992,21
194,43,4,0.093023256,1606944.333,0,1991,USA,205,73,R,2012,21
1336,4633,1157,0.249730196,10350000,1,1980,Other,205,72,R,2004,24
232,417,95,0.227817746,523604.5,0,1984,USA,205,72,L,2010,26
507,1723,415,0.240858967,10735000,1,1978,Other,210,74,R,2003,25
49,85,10,0.117647059,1042875,0,1986,USA,220,74,R,2010,24
139,78,10,0.128205128,15002777.67,1,1980,USA,230,77,R,2001,21
1069,3403,807,0.237143697,1685714.286,0,1986,USA,188,72,R,2009,23
112,45,5,0.111111111,3687500,0,1979,Other,195,73,L,2002,23
192,426,108,0.253521127,1362500,1,1975,USA,210,69,R,1998,23
1084,3662,957,0.261332605,2354416.667,1,1988,USA,231,75,L,2011,23
1105,4049,1120,0.276611509,16121335.88,1,1977,Other,215,73,B,1998,21
71,37,5,0.135135135,512500,0,1988,USA,195,73,R,2014,26
508,1689,456,0.269982238,11800000,1,1976,USA,220,73,B,1999,23
522,1247,296,0.237369687,853000,0,1984,Other,210,74,L,2008,24
631,2188,531,0.242687386,2560000,0,1982,Other,205,70,R,2005,23
161,469,104,0.221748401,509350,0,1991,Other,205,75,R,2013,22
165,142,8,0.056338028,506250,0,1989,USA,201,72,R,2013,24
165,377,81,0.214854111,496000,0,1986,USA,185,71,R,2012,26
130,232,37,0.159482759,5350000,1,1984,USA,240,73,R,2006,22
1060,4092,1244,0.30400782,1249625,1,1986,USA,221,75,L,2011,25
348,1196,313,0.261705686,5583333.333,0,1973,USA,205,74,R,1999,26
458,965,248,0.256994819,832500,0,1984,Other,192,70,B,2004,20
916,2499,638,0.255302121,2378200,0,1983,Other,187,70,L,2008,25
225,632,132,0.208860759,9.00E+05,0,1971,Other,220,71,R,1997,26
278,827,199,0.240628779,584140,0,1986,USA,265,78,R,2009,23
292,190,21,0.110526316,6662500,0,1980,USA,225,75,R,2004,24
123,274,51,0.186131387,507500,0,1989,Other,235,77,R,2016,27
515,1636,448,0.273838631,1942857.143,0,1977,USA,200,71,R,2002,25
253,660,163,0.246969697,1362500,0,1973,USA,220,75,B,1999,26
481,1577,394,0.249841471,920625,0,1985,USA,225,76,L,2010,25
321,748,178,0.237967914,483000,0,1984,USA,215,75,L,2010,26
48,66,3,0.045454545,515000,0,1988,USA,215,73,R,2014,26
771,2418,623,0.257650951,1649285.714,0,1985,Other,200,70,B,2007,22
294,802,219,0.273067332,528666.6667,0,1986,USA,195,72,L,2009,23
311,705,178,0.25248227,477833.3333,0,1982,USA,195,69,R,2008,26
875,2116,502,0.237240076,1046083.333,0,1987,USA,190,73,R,2010,23
559,1714,433,0.252625438,537500,0,1988,USA,270,76,L,2014,26
1101,4190,1131,0.269928401,6868500,1,1982,USA,190,71,L,2006,24
129,248,50,0.201612903,425750,0,1983,USA,205,73,L,2008,25
225,738,173,0.234417344,10333333.33,1,1978,USA,215,72,B,2000,22
127,388,89,0.229381443,490000,0,1989,USA,191,72,L,2012,23
293,934,222,0.237687366,1300000,0,1975,USA,235,76,L,1998,23
1463,5431,1613,0.296998711,8241529.375,1,1983,USA,205,74,R,2007,24
365,876,194,0.221461187,454675,0,1986,USA,197,74,B,2008,22
99,207,37,0.178743961,508500,0,1992,Other,205,74,L,2015,23
144,328,72,0.219512195,538045,0,1984,USA,200,72,R,2011,27
493,1591,391,0.245757385,1016000,1,1987,USA,225,77,L,2010,23
88,212,50,0.235849057,508500,0,1991,USA,193,74,R,2015,24
376,905,189,0.208839779,508500,0,1990,USA,200,75,R,2015,25
1500,5421,1327,0.244788784,6346770.625,1,1987,USA,230,75,L,2008,21
72,105,18,0.171428571,8.00E+05,0,1978,USA,200,72,R,2003,25
706,2643,751,0.284146803,652000,1,1992,USA,230,77,R,2015,23
35,50,7,0.14,512500,0,1989,USA,200,75,R,2014,25
218,46,4,0.086956522,6171142.857,0,1984,USA,190,75,L,2007,23
565,1885,440,0.233421751,3983333.333,1,1980,USA,245,75,R,2004,24
27,26,6,0.230769231,403000,0,1983,USA,205,74,R,2007,24
133,370,80,0.216216216,506250,0,1983,USA,230,74,L,2007,24
225,89,6,0.06741573,13500000,1,1979,USA,240,74,L,2000,21
304,594,105,0.176767677,3723889,1,1989,USA,255,76,R,2009,20
221,232,22,0.094827586,15142857.14,0,1977,USA,230,76,R,1999,22
334,968,227,0.234504132,5666666.667,0,1976,USA,235,76,R,2000,24
231,528,114,0.215909091,591000,0,1985,USA,190,72,B,2008,23
88,127,32,0.251968504,525000,0,1980,USA,195,73,L,2002,22
80,87,11,0.126436782,3071666.667,0,1979,USA,205,74,R,2004,25
515,1266,253,0.199842022,729833.3333,0,1983,USA,212,73,R,2010,27
79,61,3,0.049180328,509500,0,1991,USA,180,74,R,2014,23
934,3460,945,0.273121387,5008571.429,1,1977,USA,245,72,R,2002,25
99,271,57,0.210332103,6033333,0,1976,USA,200,74,R,2000,24
1501,5622,1510,0.268587691,4960787.5,1,1985,Other,205,72,B,2007,22
510,1829,450,0.246036085,1388760,0,1986,Other,190,70,B,2009,23
1472,5440,1577,0.289889706,6843750,1,1984,Other,210,70,B,2005,21
413,1600,423,0.264375,2340000,0,1974,Other,195,70,R,1997,23
343,182,22,0.120879121,4325000,0,1988,USA,223,76,R,2009,21
1045,3894,1122,0.288135593,2151005,1,1986,USA,214,74,R,2010,24
244,420,54,0.128571429,14102083.13,1,1984,USA,230,75,R,2005,21
290,640,163,0.2546875,833333.3333,0,1974,Other,225,73,R,1996,22
940,3157,835,0.264491606,2571500,0,1983,Other,225,69,B,2006,23
275,943,226,0.239660657,8500000,1,1973,USA,210,74,R,1995,22
257,438,109,0.248858447,496666.6667,0,1986,USA,170,68,L,2011,25
196,438,97,0.221461187,512186.5,0,1987,USA,215,75,R,2014,27
1612,6284,1899,0.302196053,15750000,1,1982,Other,212,72,L,2005,23
333,1201,318,0.264779351,3450000,0,1982,USA,205,75,R,2004,22
196,153,11,0.071895425,3270833.333,0,1978,USA,225,74,L,2003,25
178,66,4,0.060606061,4118750,0,1980,Other,270,76,R,2006,26
100,212,31,0.146226415,12547851.33,1,1975,USA,230,78,R,1997,22
1149,4056,1092,0.269230769,2446800,1,1985,USA,210,76,L,2011,26
508,1164,305,0.262027491,521800,0,1987,Other,185,71,L,2011,24
131,222,48,0.216216216,461166.6667,0,1982,USA,210,71,R,2007,25
583,1815,494,0.272176309,2564270.8,0,1974,USA,175,70,R,2002,28
104,172,44,0.255813953,4.00E+05,0,1982,USA,230,72,L,2008,26
750,2469,536,0.21709194,1919750,0,1986,USA,245,76,R,2010,24
297,755,174,0.230463576,513600,0,1988,USA,220,74,R,2014,26
315,203,32,0.157635468,2502400,0,1986,USA,235,78,R,2010,24
24,41,7,0.170731707,490500,0,1986,USA,200,72,R,2012,26
888,3360,930,0.276785714,520500,0,1992,USA,203,76,R,2013,21
228,733,205,0.279672578,6250000,1,1975,Other,145,71,B,1996,21
726,2462,626,0.254264825,1708250,0,1987,Other,215,70,R,2010,23
825,2674,619,0.231488407,2142350,0,1987,USA,215,75,L,2010,23
119,255,60,0.235294118,7.00E+05,0,1972,Other,190,71,R,1995,23
117,338,82,0.24260355,1541666.667,0,1976,Other,240,75,R,1999,23
1470,5773,1617,0.280097003,4429738,1,1990,Other,220,74,R,2010,20
102,169,44,0.26035503,650000,0,1974,USA,170,72,L,1997,23
546,1661,401,0.241420831,1133100,0,1983,Other,195,72,R,2005,22
118,341,76,0.2228739,507500,0,1989,Other,195,69,L,2013,24
711,2198,592,0.26933576,1094891.667,0,1986,Other,220,72,R,2008,22
826,3160,865,0.273734177,13165609.2,1,1985,Other,225,71,R,2012,27
262,355,65,0.183098592,1850250,0,1988,Other,215,75,R,2009,21
84,88,19,0.215909091,490000,0,1986,USA,200,70,L,2011,25
208,204,42,0.205882353,660666.6667,0,1989,USA,200,71,R,2011,22
336,876,230,0.262557078,5483333.333,0,1977,USA,215,73,L,1998,21
220,103,7,0.067961165,5609866.6,0,1985,Other,200,72,R,2012,27
248,727,180,0.247592847,650000,0,1991,Other,260,73,L,2016,25
1460,5468,1497,0.273774689,8141425,1,1982,Other,205,71,L,2005,23
217,578,142,0.24567474,2150000,0,1978,USA,190,73,L,2004,26
217,52,10,0.192307692,522666.6667,0,1989,USA,217,76,L,2012,23
272,612,164,0.267973856,508000,0,1985,Other,180,72,R,2010,25
36,66,12,0.181818182,8.00E+05,1,1972,USA,205,80,B,1995,23
77,166,32,0.192771084,405000,0,1983,USA,220,73,L,2007,24
170,484,110,0.227272727,502400,0,1986,USA,210,70,L,2011,25
801,2580,666,0.258139535,1545583.333,0,1985,USA,195,72,L,2009,24
195,251,41,0.163346614,530500,1,1990,USA,220,76,R,2013,23
214,154,19,0.123376623,828750,0,1986,USA,240,75,R,2011,25
249,214,15,0.070093458,4878571.429,1,1973,Other,285,71,R,1997,24
150,355,91,0.256338028,513975,0,1989,Other,215,70,R,2014,25
441,1215,290,0.238683128,919400,0,1985,USA,210,75,L,2009,24
578,1943,491,0.252702007,517246,1,1993,USA,215,73,L,2015,22
174,84,12,0.142857143,512500,0,1990,USA,209,75,L,2015,25
287,441,89,0.201814059,413625,0,1980,USA,190,70,B,2008,28
112,220,60,0.272727273,480000,0,1983,Other,185,69,L,2011,28
97,118,16,0.13559322,9625000,1,1979,USA,215,75,R,2002,23
239,603,140,0.232172471,1583333.333,0,1975,Other,200,72,L,1998,23
210,357,55,0.154061625,1181000,1,1989,USA,210,75,L,2012,23
232,701,153,0.218259629,658433.3333,0,1984,Other,240,74,B,2009,25
193,216,27,0.125,3725000,0,1980,USA,200,75,R,2003,23
75,58,7,0.120689655,530000,0,1990,USA,206,75,R,2013,23
88,205,46,0.224390244,555000,0,1973,USA,200,73,R,2006,33
339,765,194,0.253594771,1500000,0,1970,USA,180,72,L,1995,25
135,179,32,0.17877095,414000,0,1985,USA,200,73,L,2010,25
317,689,161,0.233671988,695404,0,1986,USA,190,69,R,2011,25
839,3088,764,0.247409326,1370500,1,1985,USA,204,72,R,2011,26
534,1831,506,0.27635172,1884833.333,1,1984,USA,215,74,R,2010,26
1251,4230,1055,0.249408983,2149200,1,1987,USA,223,73,L,2011,24
791,2869,820,0.285813872,17084803.38,1,1981,USA,230,74,L,2002,21
167,406,90,0.221674877,3150000,0,1980,USA,210,75,R,2003,23
173,543,128,0.23572744,453250,0,1984,Other,210,73,R,2008,24
272,621,134,0.215780998,570000,0,1986,USA,215,71,R,2011,25
846,3142,893,0.284213877,9654761.714,1,1979,USA,220,74,R,2001,22
265,471,51,0.108280255,6820375,1,1986,Other,229,71,R,2008,22
418,842,210,0.249406176,517500,0,1989,USA,200,73,R,2012,23
23,26,2,0.076923077,507000,0,1988,USA,215,74,R,2013,25
200,372,79,0.212365591,482300,0,1986,USA,215,71,R,2008,22
67,121,25,0.20661157,507500,0,1989,USA,205,72,B,2013,24
500,1688,415,0.245853081,523196,0,1989,USA,210,74,R,2013,24
170,99,10,0.101010101,8750000,1,1986,Other,220,77,R,2012,26
51,86,10,0.11627907,6500000,0,1975,USA,215,76,R,1999,24
667,2076,496,0.238921002,2272738,0,1987,USA,220,76,L,2010,23
908,3207,782,0.243841597,509250,0,1987,USA,205,71,R,2013,26
1240,3826,1004,0.262415055,3095000,0,1980,USA,195,70,R,2006,26
793,2431,636,0.261620732,3514000,0,1984,Other,195,72,L,2007,23
77,161,28,0.173913043,510000,0,1990,USA,190,69,L,2013,23
183,350,66,0.188571429,581937.5,1,1988,USA,180,76,L,2014,26
831,2775,732,0.263783784,4578571.429,0,1979,USA,190,71,L,2003,24
228,495,120,0.242424242,470500,0,1987,Other,200,71,R,2011,24
307,323,42,0.13003096,9387500,0,1981,Other,215,73,L,2004,23
98,94,10,0.106382979,1116166.667,0,1989,Other,210,72,R,2011,22
26,94,28,0.29787234,1.20E+07,1,1972,Other,215,75,L,1993,21
272,87,14,0.16091954,657200,0,1990,Other,220,76,R,2011,21
161,213,24,0.112676056,12650000,1,1977,Other,215,74,R,1998,21
166,368,82,0.222826087,512972,0,1987,USA,210,74,L,2013,26
712,1956,529,0.270449898,1763000,0,1980,USA,195,72,R,2005,25
348,983,235,0.23906409,3810000,0,1975,USA,215,73,R,1998,23
1080,2519,593,0.235410877,1051666.667,0,1986,USA,190,70,L,2010,24
116,206,27,0.131067961,523750,0,1990,USA,200,73,R,2014,24
1478,5442,1432,0.263138552,4379142.857,1,1985,USA,217,75,R,2009,24
109,78,5,0.064102564,517300,0,1987,Other,200,72,R,2014,27
207,118,7,0.059322034,1778750,0,1986,USA,210,77,R,2007,21
309,751,191,0.254327563,425000,0,1985,USA,195,71,L,2008,23
250,749,187,0.249666222,510000,0,1990,Other,223,73,R,2015,25
386,972,265,0.272633745,2009375,0,1978,USA,215,72,R,2003,25
324,619,154,0.248788368,407500,0,1982,USA,230,76,L,2008,26
776,2716,776,0.285714286,511800,1,1989,USA,200,73,L,2013,24
293,262,43,0.164122137,7003571.429,1,1974,USA,215,75,R,2001,27
721,2130,524,0.24600939,512000,0,1989,USA,205,74,L,2013,24
589,1325,335,0.252830189,1300000,0,1978,USA,205,73,L,2004,26
362,1272,294,0.231132075,500950,0,1989,USA,220,74,R,2011,22
1038,3841,1048,0.272845613,3484500,1,1985,USA,210,73,R,2010,25
645,2030,522,0.257142857,3500000,0,1981,USA,220,73,B,2005,24
254,527,121,0.229601518,454250,0,1984,USA,190,73,R,2009,25
1137,4301,1053,0.244826784,1509375,1,1987,USA,200,71,R,2012,25
907,3040,736,0.242105263,5612500,0,1983,USA,220,72,L,2006,23
435,1457,365,0.250514756,508900,0,1992,USA,230,74,R,2015,23
958,3098,741,0.239186572,2332176.333,0,1986,USA,255,76,L,2010,24
19,32,4,0.125,4.00E+05,0,1980,USA,185,70,L,2005,25
452,1616,456,0.282178218,509600,0,1991,USA,190,74,R,2014,23
107,364,91,0.25,415500,0,1984,USA,225,74,R,2007,23
475,133,23,0.172932331,3007142.857,0,1983,USA,210,74,L,2005,22
87,260,59,0.226923077,825000,0,1981,USA,210,77,L,2005,24
870,3012,676,0.224435591,12666666.67,1,1979,USA,285,78,L,2001,22
541,1780,414,0.23258427,510000,1,1988,USA,215,73,R,2014,26
858,2317,573,0.247302546,880000,0,1984,USA,165,69,L,2010,26
790,3026,863,0.285194977,1150500,0,1988,USA,176,69,L,2012,24
252,945,249,0.263492063,925000,1,1975,USA,170,66,R,2001,26
86,246,68,0.276422764,850000,1,1970,USA,190,73,L,1993,23
80,121,15,0.123966942,516000,0,1990,USA,246,76,R,2015,25
668,1945,466,0.239588689,2535166.667,0,1981,USA,225,74,R,2008,27
670,2319,601,0.259163433,4916666.667,0,1977,USA,190,70,R,2002,25
14,37,6,0.162162162,414000,0,1986,USA,205,72,R,2011,25
1445,5256,1374,0.261415525,6325000,1,1983,Other,230,73,R,2005,22
33,45,10,0.222222222,418000,0,1986,USA,220,75,R,2010,24
180,151,12,0.079470199,2479750,0,1990,USA,217,74,R,2011,21
107,72,8,0.111111111,504500,0,1990,USA,200,71,R,2013,23
107,134,26,0.194029851,1750000,1,1974,USA,195,74,L,1996,22
1428,5303,1365,0.257401471,2229000,1,1986,Other,205,73,R,2008,22
928,3156,819,0.259505703,833000,0,1989,Other,185,70,B,2011,22
1204,4482,1249,0.278670237,3845000,0,1982,Other,215,74,R,2007,25
872,2910,644,0.221305842,1110471.667,0,1987,USA,205,72,B,2010,23
272,135,19,0.140740741,4233200,0,1983,Other,180,72,R,2008,25
1035,3432,958,0.279137529,11787500,1,1982,USA,210,74,L,2006,24
163,406,78,0.192118227,491000,0,1987,USA,215,70,R,2011,24
242,92,10,0.108695652,6219960,0,1983,USA,225,78,L,2005,22
295,989,243,0.24570273,4750000,0,1975,Other,210,73,R,2000,25
77,136,29,0.213235294,1362000,1,1992,Other,240,75,R,2013,21
1098,4032,1147,0.284474206,18937500,1,1984,USA,275,71,L,2005,21
206,86,7,0.081395349,511533.3333,0,1985,USA,211,74,R,2011,26
18,27,3,0.111111111,492500,0,1986,USA,225,75,R,2012,26
504,1731,436,0.251877527,8318750,0,1978,USA,180,68,B,2002,24
48,77,16,0.207792208,550000,0,1987,USA,185,70,L,2014,27
55,48,9,0.1875,9.00E+05,0,1974,USA,185,73,B,2000,26
70,69,6,0.086956522,511500,0,1993,USA,198,71,L,2014,21
247,105,16,0.152380952,4421500,0,1984,USA,210,80,L,2009,25
547,1324,284,0.214501511,812200,0,1986,USA,205,75,L,2012,26
142,456,105,0.230263158,660166.6667,0,1984,Other,210,73,R,2007,23
119,289,59,0.204152249,508800,0,1992,Other,190,70,L,2015,23
670,2131,572,0.268418583,519778.5,0,1991,Other,213,74,R,2013,22
321,788,166,0.210659898,511166.6667,0,1986,Other,185,74,B,2011,25
780,2387,567,0.237536657,1323600,0,1986,USA,260,76,R,2009,23
170,30,3,0.1,4250000,0,1983,USA,245,76,R,2004,21
137,199,14,0.070351759,508750,1,1991,USA,195,76,R,2014,23
370,934,235,0.251605996,826666.6667,0,1980,USA,165,69,L,2005,25
958,3086,758,0.245625405,968020,0,1987,USA,195,73,R,2011,24
1409,4904,1276,0.260195759,4022625,0,1986,USA,205,77,B,2008,22
186,475,114,0.24,414500,0,1982,USA,220,72,R,2007,25
417,1070,264,0.246728972,900975,0,1981,USA,195,73,R,2007,26
124,71,5,0.070422535,3250000,0,1981,Other,220,77,L,2004,23
932,3111,796,0.255866281,3760714.286,0,1984,USA,225,76,R,2005,21
404,996,235,0.235943775,447562.5,0,1987,Other,245,74,L,2009,22
656,2338,583,0.249358426,517500,0,1992,Other,225,73,R,2014,22
363,888,231,0.260135135,875000,0,1982,USA,190,72,R,2006,24
301,833,178,0.213685474,766000,0,1991,USA,190,73,B,2013,22
1186,4200,1019,0.242619048,3469375,1,1986,USA,220,75,R,2011,25
41,88,17,0.193181818,4.00E+06,0,1976,USA,185,70,R,2001,25
1346,4953,1451,0.292953765,4582229.167,1,1989,USA,220,77,L,2010,21
1184,3758,1041,0.277009047,2418625,1,1983,USA,213,74,R,2009,26
125,70,5,0.071428571,512500,0,1987,USA,222,76,R,2012,25
159,327,76,0.232415902,575000,0,1985,USA,215,74,R,2011,26
100,210,50,0.238095238,508450,0,1991,USA,160,72,L,2013,22
446,1428,369,0.258403361,10375000,1,1977,Other,200,72,L,2008,31
585,1348,308,0.228486647,1017950,0,1981,USA,180,69,L,2007,26
464,1841,489,0.265616513,8.00E+06,1,1977,Other,195,68,B,2000,23
67,29,0,0,1367500,0,1982,Other,230,75,R,2007,25
302,378,75,0.198412698,6511597,0,1986,Other,205,74,R,2007,21
951,3424,849,0.247955607,796700,0,1989,Other,195,70,B,2012,23
104,238,54,0.226890756,443750,0,1985,USA,220,73,L,2008,23
119,44,2,0.045454545,507500,0,1992,USA,200,76,R,2016,24
244,896,239,0.266741071,508750,0,1985,Other,205,69,R,2015,30
543,1036,257,0.248069498,507500,0,1989,USA,200,72,L,2014,25
212,308,45,0.146103896,4873375,0,1986,Other,215,74,L,2008,22
133,387,98,0.253229974,498050,0,1981,USA,225,74,R,2005,24
89,156,21,0.134615385,3973005.75,1,1979,USA,210,78,R,2000,21
234,268,22,0.082089552,8336590.5,0,1983,USA,220,76,R,2006,23
44,30,8,0.266666667,8.00E+05,0,1981,USA,175,70,L,2004,23
706,2443,605,0.247646336,1448916.667,0,1986,USA,270,76,R,2013,27
159,61,2,0.032786885,737500,0,1983,USA,190,70,R,2003,20
192,56,2,0.035714286,518833.3333,0,1991,USA,190,74,L,2013,22
165,194,21,0.108247423,2390875,0,1986,USA,205,73,R,2010,24
793,2704,773,0.285872781,512866.6667,1,1990,USA,185,70,L,2013,23
154,345,77,0.223188406,1887500,0,1977,USA,190,72,L,2003,26
410,935,198,0.211764706,1700000,1,1971,USA,240,75,L,1995,24
61,130,35,0.269230769,650000,0,1977,USA,195,72,L,2001,24
61,225,43,0.191111111,9.00E+06,1,1971,USA,195,71,L,1995,24
505,1419,356,0.250880902,517500,0,1987,USA,195,73,L,2008,21
391,927,202,0.217907228,742500,0,1982,USA,230,74,R,2009,27
35,86,19,0.220930233,459000,0,1982,Other,230,70,B,2006,24
142,441,104,0.235827664,6943500,1,1976,USA,220,77,R,1998,22
312,471,125,0.265392781,1500000,0,1976,USA,190,73,L,2000,24
92,213,41,0.192488263,507500,0,1992,USA,180,76,R,2016,24
1253,4572,1337,0.292432196,2203066.6,1,1987,USA,220,75,R,2011,24
788,2192,538,0.245437956,2925000,0,1980,USA,230,73,R,2003,23
749,2548,623,0.244505495,1377777.667,1,1987,Other,215,74,R,2012,25
1250,4022,1011,0.251367479,4162500,1,1985,Other,220,75,R,2007,22
83,153,28,0.183006536,493750,0,1988,Other,195,75,R,2011,23
1391,5115,1479,0.28914956,15233910.63,1,1982,USA,215,74,L,2004,22
492,1774,424,0.239007892,2779166.667,1,1977,Other,210,73,R,1998,21
369,835,200,0.239520958,541375,0,1983,Other,195,70,R,2007,24
1292,4731,1359,0.28725428,8445754.857,1,1985,Other,220,73,L,2008,23
82,153,33,0.215686275,407300,0,1978,USA,182,72,R,2008,30
322,410,37,0.090243902,6017857.143,1,1985,USA,205,72,R,2008,23
909,2891,762,0.263576617,908280,0,1989,Other,205,73,B,2012,23
969,3772,1085,0.287645811,1685550.5,1,1988,USA,166,71,L,2011,23
100,67,15,0.223880597,508500,0,1991,USA,160,67,R,2014,23
247,106,13,0.122641509,2100000,0,1982,USA,218,75,R,2005,23
137,420,80,0.19047619,508250,0,1983,USA,185,71,R,2013,30
320,597,157,0.262981575,510700,0,1988,USA,188,73,R,2013,25
1543,5288,1255,0.237329803,10906250,1,1981,USA,200,73,L,2004,23
879,2793,673,0.240959542,1318750,1,1988,Other,230,74,B,2012,24
116,195,17,0.087179487,509500,0,1991,USA,225,76,R,2015,24
189,58,8,0.137931034,514166.6667,0,1989,USA,195,70,R,2013,24
129,330,82,0.248484848,502250,0,1987,USA,180,75,R,2013,26
77,170,34,0.2,6500000,0,1979,USA,210,71,R,2003,24
143,375,85,0.226666667,550000,0,1978,USA,190,71,R,2004,26
288,675,151,0.223703704,449250,0,1983,USA,200,74,R,2009,26
851,3096,816,0.263565891,994100,0,1990,Other,205,75,L,2012,22
355,507,114,0.224852071,17724878.75,1,1983,USA,200,74,R,2004,21
679,2301,561,0.24380704,515000,0,1991,USA,216,74,R,2014,23
117,232,52,0.224137931,6.00E+06,0,1986,Other,220,73,R,2014,28
229,805,203,0.252173913,1.20E+07,0,1976,Other,165,71,R,1997,21
237,48,5,0.104166667,5657142.857,0,1979,USA,205,73,R,2004,25
670,2225,570,0.256179775,3617500,0,1983,Other,200,74,R,2005,22
239,896,248,0.276785714,8.00E+06,1,1978,Other,180,72,B,1999,21
403,1007,249,0.247269116,763266.6667,0,1984,Other,200,73,R,2009,25
555,1358,321,0.236377025,711200,0,1982,USA,190,72,L,2006,24
804,2576,630,0.244565217,2170300,0,1988,USA,205,70,R,2013,25
43,84,19,0.226190476,480000,0,1985,USA,225,75,R,2012,27
60,26,2,0.076923077,507500,0,1989,USA,210,77,R,2014,25
544,1592,400,0.251256281,2425000,0,1976,USA,195,70,R,1998,22
579,1468,352,0.239782016,1816666.667,0,1980,USA,200,72,R,2004,24
90,44,3,0.068181818,502500,0,1987,USA,210,74,R,2013,26
135,238,31,0.130252101,1.80E+07,1,1977,USA,225,78,R,1998,21
299,872,193,0.221330275,6150000,0,1979,USA,210,72,R,2002,23
340,504,85,0.168650794,15562500,1,1983,USA,205,76,L,2006,23
809,2807,680,0.242251514,538333.3333,0,1990,USA,155,72,B,2013,23
311,343,51,0.148688047,5771428.571,0,1982,USA,225,78,R,2006,24
31,37,12,0.324324324,2.00E+06,1,1972,USA,185,70,R,1993,21
373,72,5,0.069444444,510000,1,1990,USA,215,75,L,2011,21
644,1864,466,0.25,1870625,0,1980,USA,225,72,R,2007,27
427,1061,246,0.231856739,810300,0,1980,USA,210,74,L,2006,26
123,187,11,0.058823529,1287875,0,1986,USA,220,78,R,2009,23
312,189,20,0.105820106,3662375,1,1982,USA,205,77,L,2007,25
195,316,36,0.113924051,6666666.667,0,1978,USA,260,79,R,2002,24
62,44,8,0.181818182,5.00E+06,0,1981,Other,190,73,L,2003,22
1105,4144,1040,0.250965251,7642844.625,1,1982,USA,200,73,R,2005,23
236,285,63,0.221052632,10607142.86,1,1980,USA,215,77,R,2003,23
1084,3879,1071,0.276102088,2912500,1,1992,USA,210,75,L,2012,20
105,74,10,0.135135135,491350,0,1985,USA,205,74,B,2010,25
878,2924,797,0.272571819,1960000,1,1987,USA,190,68,R,2011,24
420,831,181,0.217809868,1150000,0,1978,USA,195,69,L,2001,23
642,2317,618,0.266724212,5452777.667,1,1982,USA,240,78,R,2004,22
18,25,4,0.16,417000,0,1982,USA,215,76,R,2007,25
146,250,27,0.108,1812625,1,1989,USA,220,76,R,2012,23
327,1021,266,0.260528893,5.00E+06,1,1979,USA,190,74,L,2004,25
189,434,89,0.205069124,531000,0,1984,USA,210,73,R,2009,25
155,252,65,0.257936508,507500,0,1987,USA,190,75,L,2016,29
1337,4739,1244,0.262502638,6467400,0,1984,USA,215,74,B,2007,23
79,21,2,0.095238095,515000,0,1991,USA,200,74,L,2014,23
895,3012,763,0.253320053,2375000,0,1989,Other,195,72,R,2012,23
50,52,2,0.038461538,500625,0,1986,USA,205,76,R,2012,26
697,1594,380,0.238393977,1234833.333,0,1984,USA,220,73,R,2010,26
234,175,25,0.142857143,2537180,0,1987,USA,190,73,R,2010,23
309,578,135,0.233564014,966666.6667,0,1976,USA,230,76,R,1998,22
586,2000,562,0.281,13380000,1,1973,USA,220,74,L,1997,24
167,306,31,0.10130719,525500,0,1989,USA,190,75,R,2014,25
245,733,176,0.240109141,2131666.667,0,1984,USA,220,75,L,2005,21
177,475,116,0.244210526,4.00E+05,0,1982,Other,190,69,B,2005,23
832,2915,807,0.276843911,511666.6667,0,1990,Other,195,70,B,2013,23
75,127,20,0.157480315,4.00E+05,0,1984,Other,185,72,R,2009,25
642,1652,398,0.240920097,520000,0,1991,Other,190,71,R,2014,23
142,165,27,0.163636364,1.00E+06,1,1975,Other,245,74,R,1996,21
338,1130,301,0.266371681,4619282.333,1,1976,Other,220,72,R,1999,23
223,586,148,0.252559727,496250,0,1985,Other,205,71,B,2012,27
462,1139,297,0.260755048,800200,0,1984,Other,180,69,B,2008,24
631,2280,630,0.276315789,528000,1,1991,Other,200,71,L,2015,24
370,887,182,0.20518602,508633.3333,0,1987,USA,200,72,L,2012,25
93,208,45,0.216346154,495000,0,1983,USA,235,76,R,2009,26
41,52,10,0.192307692,530000,0,1988,USA,195,75,R,2014,26
1377,4920,1286,0.261382114,5280969.714,0,1989,USA,240,77,L,2010,21
126,294,45,0.153061224,414000,0,1985,USA,215,74,R,2010,25
1084,3926,1012,0.257768721,7198750,1,1982,USA,200,71,R,2005,23
245,720,153,0.2125,675000,0,1979,USA,205,73,B,2003,24
221,126,13,0.103174603,2042500,0,1980,USA,221,77,L,2005,25
484,891,208,0.233445567,1360000,0,1977,USA,235,74,L,2002,25
21,46,10,0.217391304,414800,0,1983,USA,190,69,R,2009,26
129,286,65,0.227272727,407500,0,1980,USA,215,75,L,2008,28
269,671,162,0.2414307,510500,0,1987,USA,215,72,R,2012,25
298,82,6,0.073170732,3057952.5,0,1986,USA,213,74,B,2009,23
1205,4353,1248,0.286698828,16214446.63,1,1980,USA,240,76,R,2004,24
639,2037,552,0.270986745,568250,1,1988,USA,180,68,L,2012,24
156,281,64,0.227758007,508000,0,1989,USA,190,70,R,2014,25
1365,5223,1451,0.277809688,3706150,1,1989,USA,226,76,L,2011,22
1000,3636,897,0.24669967,20571428.57,1,1979,USA,250,76,L,2004,25
41,48,6,0.125,420000,0,1984,Other,190,71,R,2007,23
379,108,24,0.222222222,1105750,0,1987,USA,215,75,R,2009,22
480,1706,440,0.257913247,4466219.25,1,1977,USA,190,72,B,2002,25
180,342,54,0.157894737,10642857.14,1,1975,USA,175,73,R,1999,24
509,1704,437,0.256455399,7750000,0,1976,USA,225,76,L,2000,24
914,2899,719,0.248016557,2063750,0,1983,USA,203,72,R,2008,25
19,38,4,0.105263158,460750,0,1988,USA,200,71,L,2011,23
1005,2956,669,0.22631935,3508125,0,1983,USA,230,72,R,2006,23
777,2680,664,0.247761194,6349999.667,1,1972,USA,225,74,L,1996,24
802,2706,739,0.273096822,1868750,1,1990,Other,195,71,R,2011,21
252,47,4,0.085106383,2464285.5,0,1990,Other,190,74,R,2015,25
759,2922,835,0.285763176,518000,1,1990,Other,190,71,L,2014,24
917,3362,931,0.276918501,4353125,0,1981,Other,195,71,R,2002,21
540,1753,394,0.224757558,5030000,1,1977,USA,190,71,R,2001,24
158,258,67,0.259689922,416000,0,1978,USA,175,69,L,2006,28
443,825,208,0.252121212,610750,0,1983,USA,220,75,L,2006,23
133,427,101,0.236533958,4050000,0,1979,Other,200,69,L,2007,28
407,1185,281,0.237130802,1843750,0,1980,Other,180,69,B,2001,21
1115,4200,1145,0.272619048,3362857.143,0,1987,USA,198,73,R,2010,23
204,659,153,0.232169954,3116666.667,0,1982,USA,215,74,R,2005,23
320,271,45,0.166051661,8001901.875,1,1983,Other,215,74,R,2003,20
42,33,2,0.060606061,490000,0,1988,USA,180,74,R,2012,24
148,477,108,0.226415094,2087500,0,1980,USA,210,75,L,2005,25
435,1092,234,0.214285714,493750,0,1982,USA,200,74,R,2008,26
334,869,209,0.240506329,508800,0,1991,USA,190,75,L,2015,24
119,336,79,0.235119048,413000,0,1982,USA,215,72,B,2009,27
803,2214,571,0.257904246,2032900,0,1983,USA,202,74,L,2008,25
1178,3774,1074,0.284578696,2507333.333,0,1985,USA,200,71,L,2010,25
68,157,34,0.21656051,499250,0,1988,Other,205,73,R,2013,25
279,197,28,0.14213198,6365387.75,1,1984,Other,221,77,R,2006,22
839,2811,773,0.274991106,3194857.143,0,1984,USA,225,75,R,2009,25
115,279,51,0.182795699,1.00E+06,0,1979,USA,210,74,L,2005,26
311,730,158,0.216438356,587875,0,1984,USA,190,73,B,2008,24
118,194,25,0.128865979,8080000,1,1984,USA,250,79,L,2005,21
1015,3185,769,0.24144427,3293750,0,1982,USA,200,73,L,2005,23
195,616,163,0.26461039,3933333.333,0,1978,USA,235,75,L,2001,23
22,26,2,0.076923077,8.00E+06,1,1963,USA,225,82,R,1988,25
601,1214,328,0.270181219,1350000,0,1976,USA,185,70,R,2003,27
245,702,142,0.202279202,411400,0,1982,USA,220,73,R,2007,25
1618,6393,1778,0.27811669,7724542.5,1,1985,USA,215,74,R,2006,21
476,1647,449,0.272616879,1.30E+07,1,1972,USA,210,76,B,1993,21
880,2847,718,0.252195293,2563416.667,0,1981,USA,235,77,L,2007,26
18,28,5,0.178571429,504300,0,1989,USA,210,77,R,2013,24
422,1255,280,0.22310757,519250,0,1986,USA,205,75,R,2014,28
1219,3294,800,0.242865817,1705300,1,1984,USA,194,74,L,2008,24
30,45,11,0.244444444,518500,0,1989,USA,210,78,R,2015,26
94,165,19,0.115151515,2420000,1,1986,Other,200,73,R,2007,21
153,387,95,0.245478036,516500,0,1988,USA,215,72,L,2010,22
297,917,233,0.254089422,2500000,0,1987,Other,210,72,R,2015,28
114,131,11,0.083969466,1533833.333,0,1982,USA,185,75,R,2006,24
52,65,7,0.107692308,7833666,0,1975,Other,200,71,R,2009,34
276,633,150,0.236966825,625000,0,1981,Other,175,71,L,2012,31
174,61,7,0.114754098,10164230.67,1,1984,USA,185,72,L,2004,20
363,901,211,0.23418424,2662500,0,1980,USA,240,75,R,2002,22
560,1071,248,0.23155929,795600,0,1980,USA,215,76,L,2007,27
313,89,15,0.168539326,1054750,0,1988,USA,174,73,R,2012,24
1402,5196,1465,0.281947652,13227125,1,1984,USA,225,76,R,2006,22
252,886,220,0.248306998,3666666.667,1,1974,USA,181,72,R,1996,22
1344,4914,1433,0.291615792,5981922.25,1,1983,USA,225,71,R,2006,23
207,285,41,0.143859649,4031666.667,0,1984,USA,220,75,R,2007,23
464,1419,371,0.261451727,933333.3333,0,1976,USA,195,71,L,1999,23
344,321,42,0.130841121,4151500,0,1984,USA,210,72,R,2007,23
575,2006,563,0.280658026,1780500,0,1980,USA,185,72,R,2004,24
332,633,103,0.16271722,11301875,1,1988,USA,225,76,L,2008,20
215,75,8,0.106666667,2761066.667,1,1988,USA,220,74,L,2012,24
191,517,141,0.272727273,2800000,0,1988,Other,210,74,L,2016,28
1517,5999,1586,0.264377396,9975000,1,1982,USA,200,72,R,2006,24
28,36,5,0.138888889,501000,0,1988,USA,190,74,R,2013,25
161,212,18,0.08490566,1523333.333,0,1986,USA,235,74,R,2012,26
30,51,11,0.215686275,480000,0,1987,USA,175,70,L,2012,25
545,1782,452,0.253647587,3134166.667,0,1983,USA,220,75,L,2004,21
464,1045,260,0.248803828,1270000,0,1975,USA,220,72,L,1997,22
310,717,154,0.214783821,589700,0,1983,Other,200,72,L,2008,25
370,1361,343,0.252020573,2760800,0,1981,USA,210,73,R,2006,25
341,735,158,0.214965986,510000,0,1988,USA,190,72,R,2011,23
317,853,175,0.205158265,597175,0,1980,USA,250,76,R,2010,30
671,2319,602,0.259594653,4850000,0,1982,USA,220,72,L,2004,22
181,155,13,0.083870968,13438731.67,0,1975,Other,205,73,R,2008,33
243,214,26,0.121495327,13538437.5,0,1978,USA,235,78,R,2002,24
716,1960,498,0.254081633,1178444,0,1989,Other,219,74,R,2013,24
150,399,105,0.263157895,482500,1,1982,USA,245,77,L,2008,26
425,1227,285,0.232273839,1821428.571,0,1979,USA,230,73,R,2003,24
223,659,155,0.235204856,502500,0,1990,Other,230,74,R,2013,23
578,1929,466,0.241575946,514400,1,1990,USA,215,75,L,2014,24
27,36,2,0.055555556,507500,0,1990,USA,205,76,L,2015,25
39,38,7,0.184210526,5.00E+05,0,1975,USA,205,73,L,2000,25
60,95,18,0.189473684,1757750,0,1988,USA,220,75,L,2013,25
116,189,23,0.121693122,1526400,0,1984,USA,235,76,L,2007,23
917,3271,819,0.250382146,8650000,0,1979,USA,205,74,L,2004,25
293,868,209,0.24078341,488166.6667,0,1983,USA,205,72,R,2007,24
80,160,36,0.225,950000,0,1974,USA,200,71,R,1999,25
476,1120,305,0.272321429,522500,0,1989,USA,180,71,L,2014,25
197,327,43,0.131498471,3719750,0,1987,USA,245,78,R,2009,22
151,408,86,0.210784314,510000,0,1987,USA,239,75,R,2011,24
338,485,93,0.191752577,5282083.333,0,1987,USA,165,70,R,2010,23
230,112,27,0.241071429,491500,0,1984,USA,215,75,L,2008,24
250,22,2,0.090909091,892300,0,1984,USA,210,72,R,2010,26
619,2350,638,0.271489362,1.90E+07,1,1976,Other,270,74,R,1999,23
177,264,49,0.185606061,16250000,1,1978,USA,205,75,L,2002,24
402,1514,421,0.278071334,11250000,1,1975,USA,240,77,R,1997,22
1100,4047,1223,0.30219916,1339500,1,1988,USA,220,76,R,2011,23
392,1169,258,0.220701454,505700,0,1989,Other,235,70,B,2012,23
356,309,34,0.110032362,10968750,1,1984,USA,240,76,L,2006,22
331,926,233,0.25161987,598333.3333,0,1980,USA,205,74,L,2006,26
329,628,129,0.205414013,444166.6667,0,1983,USA,185,71,R,2008,25
104,189,13,0.068783069,11799999.8,1,1976,USA,195,72,L,1999,23
223,361,38,0.105263158,14164285.71,1,1984,USA,170,71,L,2007,23
101,38,9,0.236842105,463400,0,1985,USA,225,72,L,2010,25
1149,3901,1064,0.272750577,4863975,0,1983,USA,195,74,L,2006,23
373,213,33,0.154929577,5520416.625,0,1983,Other,220,75,L,2005,22
59,150,33,0.22,508500,0,1991,Other,230,72,R,2014,23
413,1134,244,0.215167549,992250,0,1984,Other,212,73,B,2009,25
131,195,18,0.092307692,1141625,0,1987,USA,200,72,L,2011,24
220,354,55,0.155367232,10437703.14,0,1978,USA,215,74,R,2001,23
291,796,207,0.260050251,499916.6667,0,1988,USA,195,72,B,2011,23
1138,3982,1110,0.278754395,3783095.143,0,1984,USA,235,75,L,2006,22
1567,5935,1581,0.266385847,5200004.5,1,1985,USA,213,73,R,2008,23
34,60,12,0.2,4750000,0,1974,USA,210,76,R,1998,24
312,1136,307,0.270246479,2250000,1,1980,Other,205,72,B,2001,21
466,1673,417,0.249252839,2412500,1,1983,Other,205,72,R,2004,21
70,103,7,0.067961165,650000,0,1975,Other,185,73,R,2000,25
302,132,31,0.234848485,516500,0,1992,USA,220,75,R,2015,23
107,181,42,0.232044199,1250000,1,1971,USA,175,72,R,1995,24
342,749,190,0.253671562,518000,0,1986,USA,175,70,L,2012,26
149,163,31,0.190184049,1.50E+07,1,1973,USA,230,78,R,1997,24
1037,3731,976,0.261592066,3199750,1,1984,USA,180,72,B,2008,24
163,530,135,0.254716981,510000,0,1982,USA,210,75,R,2013,31
1202,4121,1128,0.273719971,1811000,1,1986,USA,200,72,R,2010,24
689,2374,602,0.253580455,4737500,1,1978,USA,215,74,R,2002,24
65,49,7,0.142857143,637800,0,1985,USA,210,76,R,2010,25
203,542,138,0.254612546,9250000,0,1975,Other,175,73,R,2000,25
22,31,7,0.225806452,490040,0,1986,USA,220,73,R,2012,26
250,217,25,0.115207373,1984000,0,1990,USA,230,77,R,2011,21
247,278,23,0.082733813,3206000,0,1987,USA,250,77,B,2011,24
161,41,5,0.12195122,512500,0,1988,USA,210,74,L,2013,25
1082,4307,1200,0.278616206,1640500,1,1992,USA,218,75,R,2012,20
147,176,27,0.153409091,3125000,0,1988,Other,185,73,R,2016,28
177,284,25,0.088028169,4333333.333,0,1982,USA,245,74,L,2005,23
11,33,8,0.242424242,490000,0,1987,USA,245,78,L,2012,25
30,37,4,0.108108108,2950000,0,1981,USA,220,76,R,2004,23
717,2100,459,0.218571429,736500,0,1986,Other,230,72,R,2011,25
90,263,59,0.224334601,4.00E+05,0,1983,USA,200,74,R,2009,26
108,123,17,0.138211382,3386040,0,1981,USA,195,72,R,2005,24
428,1399,347,0.24803431,512500,0,1994,Other,180,71,R,2016,22
685,1691,384,0.227084565,510233.3333,0,1991,USA,220,76,R,2013,22
1652,6449,1839,0.28516049,10718750,1,1983,USA,210,73,L,2006,23
138,222,39,0.175675676,5875000,0,1978,USA,220,73,L,2000,22
54,163,34,0.208588957,481000,0,1988,USA,229,75,R,2011,23
260,764,166,0.217277487,579300,0,1986,USA,205,73,R,2008,22
134,341,78,0.228739003,413400,0,1983,Other,205,73,R,2005,22
546,1968,555,0.282012195,515400,1,1993,Other,210,73,B,2015,22
953,3647,1047,0.287085276,1416666.5,1,1988,Other,195,73,R,2012,24
259,225,44,0.195555556,521333.3333,1,1991,Other,200,72,R,2013,22
99,282,58,0.205673759,493000,0,1988,Other,210,73,L,2009,21
1068,3972,1168,0.294058409,3411000,1,1987,USA,230,75,R,2011,24
770,2532,617,0.243680885,3975000,0,1988,Other,200,74,L,2011,23
295,571,111,0.194395797,450250,0,1982,Other,180,69,B,2011,29
1266,4193,986,0.235153828,7306250,1,1983,Other,215,70,R,2006,23
21,24,5,0.208333333,4.00E+05,0,1987,Other,225,73,R,2008,21
222,28,7,0.25,4297985.714,0,1985,Other,260,78,R,2008,23
175,360,76,0.211111111,445000,0,1982,USA,215,76,R,2008,26
743,2135,416,0.194847775,1368750,0,1983,USA,205,72,R,2005,22
97,31,7,0.225806452,7766666.4,0,1980,Other,205,72,R,2007,27
159,547,129,0.23583181,5500000,0,1975,Other,187,70,B,2004,29
139,374,90,0.240641711,10900000,1,1974,USA,200,75,B,1999,25
27,46,10,0.217391304,521333.3333,0,1990,USA,230,75,L,2014,24
113,174,30,0.172413793,515750,0,1991,USA,201,74,R,2015,24
426,1031,226,0.219204656,939166.6667,0,1983,USA,225,76,R,2007,24
574,1386,326,0.235209235,892700,0,1983,USA,235,78,R,2009,26
1089,3622,926,0.255659856,3116762.5,0,1987,USA,215,75,R,2007,20
1282,4432,1104,0.249097473,11325000,1,1984,USA,225,75,L,2005,21
162,141,9,0.063829787,6029166.667,0,1983,USA,225,80,R,2005,22
201,41,6,0.146341463,1177750,0,1984,USA,215,74,R,2008,24
170,336,64,0.19047619,411500,0,1981,USA,180,69,R,2009,28
1560,5821,1664,0.285861536,5249999.857,1,1986,USA,195,71,R,2009,23
109,30,2,0.066666667,401500,0,1982,USA,215,74,R,2009,27
310,722,185,0.256232687,488250,0,1978,USA,205,71,R,2004,26
132,145,16,0.110344828,1092812.5,0,1984,USA,205,77,L,2008,24
436,872,199,0.228211009,1458333.333,0,1974,USA,185,69,R,1999,25
841,2774,717,0.258471521,1623833.333,0,1982,USA,220,73,R,2008,26
210,28,2,0.071428571,522650,0,1987,USA,191,74,R,2012,25
311,839,200,0.238379023,706900,0,1985,USA,205,70,R,2010,25
609,1952,462,0.236680328,3875000,1,1981,USA,190,70,L,2005,24
121,309,76,0.245954693,501200,0,1988,USA,205,74,R,2013,25
177,129,18,0.139534884,1904500,0,1985,USA,190,70,B,2009,24
114,34,1,0.029411765,1199866.667,0,1989,Other,205,72,R,2010,21
895,2966,762,0.256911666,1042833.333,0,1986,USA,210,75,R,2012,26
468,1402,325,0.231811698,1807000,1,1988,USA,229,73,R,2011,23
297,477,110,0.230607966,816666.6667,0,1976,USA,215,72,R,2001,25
347,1150,262,0.227826087,526166.6667,0,1988,USA,220,75,R,2012,24
289,750,193,0.257333333,1800000,0,1976,USA,180,68,B,2003,27
250,243,37,0.152263374,4300134.8,1,1986,USA,220,74,L,2011,25
507,39,2,0.051282051,3809674.143,1,1985,USA,200,79,L,2006,21
759,2381,573,0.240655187,521766.6667,0,1989,USA,195,74,L,2013,24
84,204,45,0.220588235,450000,0,1976,USA,250,73,R,2001,25
180,627,174,0.277511962,468000,0,1985,USA,210,71,R,2006,21
151,202,22,0.108910891,1474000,0,1990,USA,225,75,R,2012,22
99,31,3,0.096774194,8622964,1,1974,USA,230,76,R,1997,23
175,45,7,0.155555556,1752000,0,1987,USA,215,72,L,2011,24
237,210,25,0.119047619,1709375,0,1987,USA,210,76,R,2010,23
106,247,54,0.218623482,420000,0,1983,Other,220,72,L,2008,25
29,25,2,0.08,411000,0,1983,USA,230,76,B,2008,25
49,52,2,0.038461538,2650000,0,1971,USA,195,75,R,1996,25
250,868,224,0.258064516,5500000,0,1974,Other,190,71,R,1998,24
1454,5236,1508,0.288006112,9792187.5,1,1982,Other,225,71,R,2004,22
34,79,17,0.215189873,750000,0,1977,USA,195,73,R,2001,24
1025,3387,874,0.258045468,7190625,1,1983,Other,221,71,L,2006,23
80,43,2,0.046511628,511000,0,1990,Other,190,72,R,2014,24
181,80,10,0.125,515000,0,1989,USA,220,77,L,2015,26
104,292,58,0.198630137,434033.3333,0,1984,USA,220,75,R,2009,25
181,85,9,0.105882353,2575000,1,1989,USA,210,75,L,2011,22
381,788,180,0.228426396,506366.6667,0,1987,USA,220,74,R,2012,25
292,39,6,0.153846154,1141500,0,1986,Other,210,73,L,2007,21
95,215,60,0.279069767,410833.3333,0,1983,Other,200,71,B,2007,24
280,893,236,0.264277716,3875000,1,1972,Other,200,71,R,1999,27
220,662,150,0.226586103,452000,0,1987,USA,230,74,R,2010,23
512,1686,471,0.279359431,914875,0,1980,USA,180,70,L,2007,27
813,3018,849,0.281312127,11907142.86,1,1981,Other,220,76,L,2003,22
988,3306,789,0.238656987,1676750,0,1987,USA,245,75,L,2010,23
229,23,0,0,3662114.286,0,1984,USA,207,75,R,2007,23
725,2269,615,0.271044513,4326666.667,0,1982,USA,245,77,R,2005,23
234,249,19,0.076305221,3214187.5,1,1983,USA,215,77,R,2008,25
40,30,4,0.133333333,1115833.333,0,1981,USA,215,76,R,2006,25
922,2872,677,0.235724234,4172900,1,1983,USA,210,73,L,2007,24
1131,4134,1041,0.251814224,1960150,1,1988,USA,225,72,L,2011,23
59,81,9,0.111111111,5200000,1,1962,USA,170,72,L,1986,24
1363,5054,1502,0.297190344,3297399.5,1,1985,USA,223,73,L,2008,23
208,513,116,0.226120858,603333.3333,0,1983,USA,190,70,R,2004,21
259,622,136,0.218649518,516700,0,1991,USA,200,71,R,2013,22
159,143,25,0.174825175,8436666.6,0,1980,USA,240,76,R,2002,22
785,2798,703,0.251250893,515966.6667,1,1990,USA,207,75,R,2013,23
289,740,173,0.233783784,2615000,0,1978,USA,215,74,R,2000,22
113,118,25,0.211864407,677600,0,1981,USA,205,75,L,2006,25
589,1701,452,0.265726044,1071750,0,1983,USA,195,70,B,2010,27
634,1941,469,0.241628027,2707142.857,1,1984,Other,215,69,B,2004,20
157,323,78,0.241486068,511000,0,1986,USA,210,72,L,2011,25
79,180,37,0.205555556,483000,0,1987,Other,215,71,R,2010,23
170,375,83,0.221333333,512500,0,1986,USA,190,72,R,2012,26
19,21,0,0,4.00E+05,0,1982,USA,255,74,L,2008,26
282,834,221,0.26498801,485500,0,1985,USA,205,71,R,2010,25
119,188,19,0.10106383,516900,0,1989,USA,250,78,R,2013,24
363,123,15,0.12195122,1659200,0,1986,Other,250,76,R,2011,25
74,172,31,0.180232558,447440,0,1983,Other,210,72,R,2010,27
213,341,51,0.149560117,3631935.714,0,1986,USA,215,75,L,2008,22
414,978,216,0.220858896,512513,0,1987,USA,225,75,L,2012,25
296,845,212,0.250887574,782500,0,1977,Other,190,71,R,2002,25
444,1249,270,0.216172938,621620,0,1982,USA,195,71,R,2008,26
488,1040,254,0.244230769,1066666.667,0,1980,USA,220,73,L,2003,23
127,222,17,0.076576577,517500,1,1993,USA,200,74,R,2015,22
256,272,35,0.128676471,8587500,0,1982,USA,235,74,R,2006,24
357,204,32,0.156862745,2992785.714,0,1985,USA,215,72,R,2009,24
610,1967,453,0.230299949,1116875,1,1989,USA,235,72,R,2012,23
95,76,11,0.144736842,8.00E+05,0,1972,USA,190,73,B,1996,24
236,149,6,0.040268456,1787140,0,1987,Other,250,77,R,2010,23
856,2811,775,0.275702597,795280,1,1987,Other,195,72,R,2010,23
155,28,4,0.142857143,518700,0,1987,USA,210,71,L,2013,26
173,130,10,0.076923077,919375,0,1982,USA,240,76,R,2007,25
162,343,80,0.233236152,768750,0,1974,USA,175,69,B,2000,26
30,98,24,0.244897959,4.00E+06,0,1985,Other,230,74,R,2015,30
484,1673,400,0.239091452,2350000,0,1978,Other,230,72,R,2002,24
28,39,4,0.102564103,1625000,0,1984,USA,200,76,L,2005,21
135,352,59,0.167613636,511000,0,1988,USA,210,74,R,2012,24
123,245,61,0.248979592,6.00E+05,0,1979,Other,195,73,L,2005,26
31,28,5,0.178571429,750000,1,1974,USA,200,73,R,1998,24
71,33,4,0.121212121,420500,0,1987,USA,245,73,R,2009,22
115,150,19,0.126666667,1.50E+07,1,1977,USA,190,72,R,2001,24
440,24,2,0.083333333,898250,0,1985,USA,246,77,B,2010,25
156,24,1,0.041666667,635500,0,1984,USA,205,73,L,2008,24
735,2170,531,0.244700461,4680000,0,1977,USA,235,74,L,2001,24
647,2140,515,0.240654206,514333.3333,0,1991,USA,185,70,R,2013,22
108,89,21,0.235955056,453333.3333,0,1982,USA,220,77,R,2007,25
931,3536,963,0.272341629,540000,1,1990,Other,225,73,R,2013,23
377,1076,293,0.272304833,593250,0,1986,USA,200,73,R,2011,25
107,42,7,0.166666667,5131250,1,1977,Other,230,72,R,1999,22
945,3675,1037,0.282176871,6303125,0,1981,Other,200,74,B,2006,25
682,2422,657,0.271263419,533750,1,1990,USA,205,73,L,2014,24
332,951,239,0.251314406,517500,0,1988,Other,200,75,B,2011,23
1466,4761,1312,0.275572359,3253000,0,1987,Other,210,71,L,2009,22
281,82,13,0.158536585,1395142.857,0,1982,USA,215,75,L,2007,25
131,246,43,0.174796748,486750,0,1985,USA,185,72,B,2011,26
124,239,58,0.242677824,490000,0,1989,USA,180,71,R,2012,23
239,705,174,0.246808511,9.00E+05,0,1979,USA,180,70,L,2000,21
176,370,83,0.224324324,414150,0,1983,USA,170,72,L,2007,24
92,51,8,0.156862745,1213750,0,1983,Other,270,75,R,2007,24
269,846,224,0.264775414,846666.6667,0,1981,Other,250,75,R,2005,24
186,480,130,0.270833333,512500,0,1987,USA,210,76,L,2014,27
349,693,173,0.24963925,462250,0,1985,USA,205,72,L,2009,24
706,2079,525,0.252525253,2394375,0,1983,USA,200,71,R,2007,24
189,137,16,0.116788321,14207158.88,1,1981,USA,195,73,R,2002,21
705,2032,473,0.232775591,515000,1,1992,USA,220,73,L,2014,22
35,45,9,0.2,490500,0,1988,Other,190,72,R,2012,24
224,179,21,0.117318436,4264285.714,0,1984,USA,240,79,R,2006,22
567,1680,439,0.261309524,1002250,0,1982,Other,240,69,B,2005,23
699,2284,477,0.208844133,7646999.2,0,1978,Other,225,74,L,2001,23
341,644,162,0.251552795,515525,0,1985,Other,200,71,B,2009,24
1425,5317,1479,0.278164378,11029875,1,1983,USA,216,76,R,2007,24
935,2700,654,0.242222222,1584285.714,0,1984,USA,200,70,B,2008,24
100,49,7,0.142857143,5166666.667,1,1978,USA,270,76,R,2000,22
670,2429,704,0.289831206,776800,0,1987,Other,220,73,L,2014,27
1117,4080,1085,0.265931373,8531250,1,1982,Other,225,74,R,2003,21
211,200,20,0.1,1082625,0,1989,Other,255,73,R,2012,23
124,99,13,0.131313131,507500,0,1993,Other,201,74,R,2016,23
212,618,133,0.215210356,513000,0,1990,Other,210,72,R,2015,25
638,1720,434,0.252325581,508500,0,1991,Other,213,73,R,2012,21
117,228,51,0.223684211,501000,0,1986,Other,185,71,R,2013,27
495,34,9,0.264705882,5458333.333,0,1981,Other,225,75,L,2002,21
34,45,2,0.044444444,511250,0,1991,Other,240,72,R,2015,24
508,1427,325,0.227750526,514000,0,1990,USA,215,72,L,2014,24
363,85,4,0.047058824,1464125,0,1984,Other,252,73,R,2006,22
20,31,3,0.096774194,5.00E+05,0,1990,USA,230,77,L,2013,23
546,1819,504,0.277075316,510000,0,1988,USA,223,73,R,2014,26
269,52,6,0.115384615,1238462.5,0,1986,USA,198,74,R,2012,26
1319,5201,1459,0.280522976,10278645.75,1,1981,USA,211,72,R,2002,21
295,733,186,0.253751705,605000,0,1985,Other,190,74,L,2007,22
706,2372,671,0.282883642,5580000,0,1977,USA,180,70,L,2000,23
960,3416,943,0.276053864,5218750,1,1976,USA,250,75,L,1998,22
851,3062,798,0.260613978,516550,0,1989,USA,200,72,R,2013,24
111,240,56,0.233333333,487000,0,1984,USA,225,76,R,2011,27
319,881,226,0.256526674,480425,0,1987,Other,222,72,R,2011,24
83,74,9,0.121621622,7833333.333,0,1978,Other,200,72,R,2000,22
84,250,63,0.252,5.00E+05,0,1989,Other,225,71,R,2013,24
302,909,234,0.257425743,510000,0,1989,Other,220,72,R,2014,25
567,2059,545,0.264691598,512500,0,1991,USA,211,76,R,2015,24
297,861,188,0.218350755,511360,0,1991,USA,208,74,R,2015,24
830,2933,710,0.242072963,3081000,0,1986,USA,215,74,R,2010,24
329,1275,383,0.300392157,1650000,1,1976,USA,185,72,L,2001,25
666,2390,602,0.251882845,530000,0,1991,Other,235,77,L,2014,23
615,2321,647,0.278759156,4869999.6,1,1975,Other,190,69,R,1998,23
723,2585,722,0.279303675,1254375,1,1987,USA,210,73,R,2012,25
242,89,12,0.134831461,933750,1,1988,USA,246,77,R,2011,23
1258,4575,1380,0.301639344,9827963,1,1987,USA,213,73,R,2009,22
1328,5044,1441,0.285685964,6088125,1,1983,Other,215,72,R,2006,23
450,1401,369,0.263383298,742000,0,1985,USA,195,70,L,2010,25
861,3015,834,0.276616915,4785571.25,1,1990,Other,240,74,R,2013,23
1584,6109,1671,0.273530856,17941459.25,1,1980,Other,235,75,R,2001,21
552,1396,330,0.236389685,2416666.667,0,1977,USA,195,69,B,2001,24
566,1915,473,0.246997389,5804166.667,1,1982,USA,235,73,R,2006,24
319,955,225,0.235602094,840000,0,1979,Other,215,70,R,2003,24
250,155,11,0.070967742,2537500,1,1989,Other,220,73,R,2012,23
244,593,128,0.215851602,408000,0,1981,USA,185,69,L,2005,24
794,2123,537,0.252943947,1681333.333,0,1981,USA,185,72,R,2004,23
1235,4654,1248,0.268156425,4962500,1,1981,Other,180,74,R,2008,27
866,3179,897,0.282164203,13428571.43,1,1978,Other,205,73,R,1998,20
1201,4486,1260,0.28087383,14062500,1,1983,Other,235,74,R,2005,22
199,634,182,0.287066246,14856500,1,1972,Other,225,72,R,1993,21
901,3199,881,0.275398562,2067083.333,1,1987,Other,245,73,R,2010,23
217,569,114,0.200351494,455100,0,1976,USA,200,74,R,2001,25
1092,3704,891,0.240550756,4929500,0,1986,USA,195,74,L,2009,23
151,233,34,0.145922747,521000,0,1991,USA,215,74,L,2014,23
28,42,6,0.142857143,510200,0,1990,USA,235,77,R,2015,25
685,2526,703,0.278305622,532500,1,1991,USA,212,73,R,2014,23
206,552,110,0.199275362,498515,0,1983,USA,240,74,R,2011,28
1195,4069,1072,0.263455394,2874000,0,1987,USA,197,74,L,2009,22
30,29,2,0.068965517,2250000,0,1978,USA,230,71,R,2001,23
147,189,42,0.222222222,737500,0,1981,USA,195,72,L,2004,23
480,1378,339,0.246008708,797625,0,1983,USA,205,76,R,2009,26
916,3424,994,0.290303738,2366666.667,0,1990,USA,200,73,R,2013,23
292,1002,257,0.256487026,6689463.667,1,1976,Other,200,73,R,1996,20
140,276,60,0.217391304,6.00E+05,0,1980,USA,200,71,R,2005,25
857,3138,892,0.284257489,2661500,0,1988,USA,175,69,L,2010,22
1122,4346,1219,0.280487805,13312500,1,1983,Other,195,72,B,2003,20
1425,4527,1052,0.232383477,3377812.375,0,1983,USA,220,74,R,2007,24
272,325,37,0.113846154,1873750,0,1983,USA,240,77,L,2008,25
343,899,222,0.246941046,507500,0,1991,USA,192,72,R,2016,25
503,1723,453,0.262913523,4187500,0,1978,Other,220,74,R,2001,23
49,134,28,0.208955224,415000,0,1976,Other,220,73,R,2001,25
462,1269,279,0.219858156,853200,0,1983,Other,215,70,R,2004,21
188,281,50,0.177935943,508600,0,1992,Other,190,75,R,2015,23
1207,4414,1204,0.272768464,3008428.5,1,1989,USA,240,75,L,2011,22
213,309,45,0.145631068,526366.6667,0,1986,USA,238,74,R,2013,27
49,26,5,0.192307692,8500000,0,1977,USA,225,74,R,2002,25
500,1473,363,0.246435845,1446500,0,1980,USA,185,71,R,2006,26
243,518,133,0.256756757,529950,0,1985,USA,240,77,L,2012,27
461,760,168,0.221052632,511750,0,1984,USA,170,69,R,2009,25
276,947,239,0.252375924,2500000,1,1971,Other,205,69,R,1991,20
137,325,65,0.2,637500,0,1980,Other,190,69,B,2005,25
1040,2392,544,0.227424749,1171700,0,1985,USA,199,72,R,2008,23
168,280,40,0.142857143,7515285.714,0,1979,Other,195,71,B,2005,26
221,53,11,0.20754717,856333.3333,0,1985,Other,200,75,R,2009,24
117,186,48,0.258064516,507500,0,1988,USA,230,73,R,2014,26
643,1728,454,0.262731481,511000,0,1989,Other,188,72,R,2014,25
418,1492,412,0.27613941,8906249.5,1,1975,USA,245,76,R,1996,21
1024,4025,994,0.246956522,8937500,1,1978,USA,175,67,B,2000,22
635,1592,361,0.226758794,664166.6667,0,1983,USA,200,74,R,2008,25
447,1512,413,0.273148148,1068250,0,1989,Other,225,71,R,2011,22
741,2506,657,0.26217079,5245833.333,0,1980,USA,195,71,R,2003,23
452,1156,271,0.234429066,2181250,0,1977,USA,230,74,R,2002,25
91,125,21,0.168,514400,0,1993,USA,220,76,R,2015,22
209,190,38,0.2,3551100,0,1987,USA,254,77,R,2010,23
357,1161,283,0.243755383,12266666.67,1,1977,USA,210,72,R,2001,24
286,737,177,0.240162822,514000,0,1986,USA,232,74,R,2012,26
431,1250,325,0.26,1662375,0,1982,USA,210,73,R,2007,25
878,2776,750,0.270172911,4915625,1,1979,Other,215,70,R,2006,27
296,1027,240,0.23369036,508666.6667,0,1988,USA,260,74,R,2013,25
191,122,24,0.196721311,508000,0,1986,USA,200,74,L,2012,26
615,1987,480,0.241570206,527000,1,1994,USA,200,72,R,2015,21
370,1101,284,0.257947321,495500,0,1989,USA,186,71,R,2012,23
134,266,70,0.263157895,401000,0,1983,USA,200,74,R,2009,26
749,2214,504,0.227642276,1546857.143,0,1982,USA,190,73,R,2007,25
128,213,38,0.178403756,5166555.333,1,1987,Other,255,75,R,2013,26
326,978,221,0.22597137,513000,0,1989,USA,200,72,R,2015,26
157,270,73,0.27037037,408500,0,1978,Other,195,72,R,2002,24
741,2346,530,0.225916454,2155281.429,0,1985,USA,235,76,B,2007,22
342,349,44,0.126074499,5363333.333,0,1985,USA,233,76,R,2008,23
31,23,0,0,507500,0,1991,USA,225,74,R,2015,24
306,283,24,0.084805654,8943750,0,1984,Other,205,72,R,2006,22
177,543,139,0.255985267,468750,0,1983,Other,205,73,R,2006,23
282,1127,329,0.291925466,6062500,1,1977,USA,200,72,R,2002,25
695,1990,505,0.253768844,1073000,1,1983,USA,235,73,R,2008,25
347,783,186,0.237547893,573625,0,1989,Other,255,73,B,2011,22
106,138,17,0.123188406,2866000,0,1982,Other,200,72,L,2006,24
52,144,37,0.256944444,512500,0,1988,USA,220,71,R,2013,25
1236,4307,1198,0.278151846,6714593.75,1,1986,Other,268,70,B,2008,22
156,420,100,0.238095238,535000,0,1987,USA,225,76,R,2011,24
1435,5127,1284,0.250438853,3269750,1,1986,Other,210,71,B,2010,24
494,1569,414,0.263862333,533750,0,1990,Other,195,71,B,2014,24
492,1610,417,0.259006211,513800,0,1992,Other,232,77,R,2014,22
271,88,11,0.125,10387500,1,1982,Other,175,74,R,2005,23
75,139,21,0.151079137,20952641,1,1979,Other,210,72,L,2000,21
257,20,3,0.15,1761000,0,1987,USA,215,72,R,2011,24
554,1452,358,0.246556474,1454166.667,0,1979,Other,185,71,B,2002,23
95,251,63,0.250996016,492000,0,1987,USA,195,69,R,2011,24
182,459,103,0.224400871,512000,0,1993,Other,180,73,B,2014,21
116,251,61,0.243027888,506809,0,1984,USA,215,74,R,2011,27
172,125,17,0.136,4335000,1,1981,USA,215,75,L,2005,24
775,2455,570,0.232179226,1582783.333,1,1986,Other,225,76,L,2009,23
463,1292,295,0.228328173,740666.6667,0,1986,USA,205,73,L,2009,23
318,625,134,0.2144,501833.3333,0,1986,USA,200,73,L,2011,25
379,1227,294,0.239608802,507500,0,1990,USA,228,73,L,2015,25
355,392,78,0.198979592,8604357.125,1,1984,USA,215,75,R,2008,24
741,1903,471,0.247503941,1633375,0,1984,USA,215,74,L,2007,23
181,509,109,0.214145383,2112500,0,1976,USA,210,73,L,2000,24
802,2917,751,0.257456291,512666.6667,1,1991,Other,225,73,R,2013,22
853,2457,667,0.271469271,1811428.571,0,1980,USA,185,70,L,2005,25
492,1615,380,0.235294118,522000,0,1993,USA,225,72,L,2015,22
695,2720,790,0.290441176,5238889,0,1975,Other,185,70,R,2002,27
489,1854,545,0.293959008,510000,1,1994,USA,215,76,L,2015,21
1045,4135,1181,0.285610641,1040000,1,1990,Other,220,70,R,2012,22
99,252,50,0.198412698,492500,0,1986,USA,175,70,R,2011,25
592,1972,480,0.243407708,515000,0,1990,USA,230,76,L,2015,25
100,268,74,0.276119403,1.40E+07,1,1968,USA,190,71,R,1988,20
325,124,19,0.153225806,8968750,0,1981,USA,210,75,R,2006,25
351,978,200,0.204498978,2010000,0,1980,USA,220,72,R,2005,25
461,1172,285,0.243174061,517333.3333,0,1987,USA,195,71,L,2011,24
207,469,110,0.234541578,504700,0,1988,Other,233,73,R,2012,24
29,31,2,0.064516129,12500000,0,1979,Other,280,76,R,2002,23
1030,3836,1029,0.268248175,2622812.5,0,1989,Other,195,74,R,2012,23
251,89,9,0.101123596,1804500,1,1981,Other,265,78,R,2008,27
419,1452,345,0.237603306,4324999.667,1,1982,USA,205,74,L,2004,22
96,23,2,0.086956522,502250,0,1991,USA,225,76,L,2012,21
98,31,1,0.032258065,1102500,0,1984,USA,200,75,R,2007,23
21,25,0,0,5.00E+05,0,1977,USA,195,75,L,2001,24
1175,3466,901,0.259953837,3072375,0,1982,USA,210,75,L,2007,25
181,23,0,0,1854500,0,1989,USA,188,74,L,2012,23
40,23,4,0.173913043,3825000,0,1981,USA,200,71,R,2004,23
606,1710,413,0.241520468,841333.3333,0,1988,USA,230,72,L,2008,20
122,200,48,0.24,481000,0,1986,USA,215,74,R,2010,24
285,821,166,0.202192448,3562500,0,1981,USA,235,76,R,2004,23
694,1952,485,0.248463115,812500,0,1986,USA,180,70,L,2010,24
451,1283,345,0.268901013,511500,0,1987,Other,210,68,R,2012,25
670,2407,620,0.257582052,520950,0,1987,Other,220,71,B,2014,27
469,1591,405,0.254556882,3166666.5,0,1992,Other,235,76,R,2014,22
770,2816,704,0.25,18500000,1,1976,Other,195,73,R,1999,23
626,1948,452,0.232032854,2318750,1,1983,Other,225,73,R,2005,22
34,42,3,0.071428571,5.00E+05,0,1989,Other,210,73,R,2013,24
471,1590,371,0.233333333,512400,0,1989,USA,225,76,R,2014,25
1266,4979,1396,0.280377586,3804375,0,1984,USA,210,72,L,2008,24
419,1250,320,0.256,513100,0,1991,USA,195,72,L,2014,23
365,893,222,0.248600224,1221666.667,0,1979,USA,200,73,R,2005,26
233,267,53,0.198501873,1058333.333,0,1968,Other,200,69,L,1992,24
440,96,21,0.21875,1077400,0,1984,USA,228,74,R,2009,25
1162,4253,1141,0.268281213,3905500,1,1989,USA,245,78,R,2010,21
184,110,16,0.145454545,1698020,0,1982,USA,215,73,R,2005,23
118,208,51,0.245192308,4.00E+05,0,1982,USA,240,74,R,2008,26
433,1136,263,0.231514085,914520,0,1982,USA,215,76,R,2006,24
395,1180,263,0.222881356,1334250,0,1985,USA,225,75,L,2007,22
544,2061,568,0.275594372,507500,1,1992,USA,213,74,R,2016,24
159,141,10,0.070921986,503200,0,1988,USA,220,74,R,2012,24
240,435,66,0.151724138,5820833.333,1,1988,USA,235,77,R,2010,22
141,86,8,0.093023256,507500,1,1989,USA,220,75,R,2016,27
153,38,4,0.105263158,515300,0,1991,USA,180,67,R,2014,23
911,2834,687,0.24241355,2090714.286,0,1984,USA,205,76,R,2009,25
115,167,24,0.143712575,1628800,0,1979,USA,220,74,L,2006,27
799,2817,747,0.265175719,545000,1,1991,Other,213,71,R,2014,23
121,200,46,0.23,7.00E+05,0,1979,USA,200,72,L,2005,26
68,78,12,0.153846154,12750000,0,1975,USA,225,74,R,1995,20
1373,4474,1284,0.286991506,11125000,1,1973,Other,175,71,L,2001,28
1263,4351,1116,0.25649276,3817812.5,1,1983,USA,210,71,R,2007,24
130,393,106,0.269720102,575000,1,1973,USA,195,73,R,1995,22
534,1654,457,0.276299879,1096000,0,1985,USA,225,76,L,2006,21
234,639,155,0.24256651,518500,0,1992,USA,185,73,B,2015,23
916,3255,823,0.252841782,10371428.57,1,1980,USA,195,72,B,2004,24
119,222,34,0.153153153,535375,0,1992,USA,242,78,L,2015,23
363,589,136,0.23089983,510000,0,1989,USA,200,72,R,2014,25
509,1592,438,0.275125628,1852266.6,0,1988,Other,210,71,R,2010,22
166,405,108,0.266666667,1275000,0,1975,Other,185,71,R,1997,22
100,269,60,0.223048327,4.00E+05,0,1983,USA,225,73,R,2009,26
129,439,104,0.23690205,2083333.333,0,1981,Other,180,72,R,2004,23
539,1707,448,0.26244874,512400,0,1990,USA,196,73,R,2014,24
536,1572,377,0.239821883,516350,0,1991,USA,215,76,R,2014,23
164,463,88,0.190064795,486877.5,0,1983,USA,210,72,R,2008,25
237,382,56,0.146596859,1439166.5,1,1991,Other,205,74,R,2011,20
458,1749,492,0.281303602,7102853.5,1,1974,Other,220,69,R,1997,23
663,2119,530,0.25011798,980985,0,1989,Other,200,71,R,2010,21
92,145,32,0.220689655,507500,0,1988,USA,200,73,B,2013,25
564,1745,426,0.244126074,485900,0,1986,USA,235,71,L,2011,25
205,536,139,0.259328358,1391666.667,0,1977,USA,220,74,R,2002,25
540,1982,544,0.274470232,1912500,0,1979,USA,185,71,R,2005,26
478,1336,323,0.241766467,994820,0,1986,USA,190,73,L,2009,23
383,1078,280,0.25974026,4687500,1,1970,USA,250,76,L,1991,21
202,535,110,0.205607477,512500,0,1991,USA,220,75,R,2015,24
186,25,1,0.04,509800,0,1988,USA,190,71,R,2012,24
125,271,61,0.225092251,475000,0,1979,USA,225,71,L,2002,23
309,1108,295,0.266245487,6500000,0,1990,Other,260,74,R,2015,25
236,25,7,0.28,993916.6667,0,1984,USA,190,73,R,2010,26
273,618,164,0.265372168,512500,0,1990,USA,175,74,R,2015,25
561,1653,408,0.246823956,1445200,0,1978,USA,195,70,B,2002,24
363,34,4,0.117647059,731333.3333,0,1982,USA,180,73,R,2009,27
236,592,165,0.278716216,508600,0,1992,Other,155,68,R,2015,23
397,1307,345,0.263963275,2687500,0,1978,Other,200,71,R,2001,23
87,242,45,0.185950413,415250,0,1984,USA,200,74,R,2007,23
332,625,148,0.2368,1912500,0,1980,USA,205,73,L,2004,24
194,549,110,0.200364299,816666.6667,0,1976,USA,200,72,R,2004,28
1097,4085,1018,0.249204406,3717333.333,1,1986,USA,225,76,R,2010,24
243,600,133,0.221666667,515000,0,1990,USA,210,72,L,2015,25
141,316,67,0.212025316,400500,0,1986,USA,235,74,R,2008,22
1010,3722,1092,0.29339065,10531250,1,1984,USA,205,75,R,2006,22
102,77,7,0.090909091,2150000,0,1991,USA,215,77,R,2011,20
1072,3371,983,0.291604865,1919151.2,1,1984,USA,202,71,R,2009,25
887,2985,684,0.229145729,8871189.429,1,1980,USA,210,71,R,2006,26
1100,3836,889,0.231751825,8957500,0,1984,USA,185,75,R,2004,20
1546,5712,1531,0.268032213,9171291.5,1,1987,USA,215,73,R,2007,20
840,2723,698,0.256334925,5267216.375,0,1979,Other,245,72,R,2001,22
1202,4118,1068,0.259349199,13678571.25,1,1978,USA,195,73,L,2003,25
993,3099,698,0.225233946,2312483.333,0,1985,Other,215,70,L,2008,23
214,426,92,0.215962441,496645,0,1987,Other,205,72,L,2012,25
328,886,216,0.243792325,745000,0,1978,Other,170,71,R,2004,26
28,21,0,0,4.00E+05,0,1985,Other,215,77,R,2007,22
355,760,184,0.242105263,751666.6667,0,1986,USA,215,76,R,2012,26
268,88,11,0.125,5535416.667,1,1983,USA,215,72,L,2005,22
104,125,22,0.176,1.00E+07,1,1976,Other,210,74,R,1998,22
101,204,47,0.230392157,1875000,0,1976,Other,195,71,L,2001,25
126,134,30,0.223880597,516000,0,1992,USA,212,75,R,2015,23
147,377,85,0.225464191,410000,0,1982,Other,170,73,B,2007,25
939,2726,678,0.248716067,2618880,0,1982,USA,205,75,L,2008,26
57,26,1,0.038461538,514875,0,1990,USA,190,74,R,2015,25
812,3099,844,0.272345918,9160714.286,1,1980,USA,190,69,R,2003,23
360,75,7,0.093333333,2322476.75,0,1983,Other,220,74,R,2006,23
779,2689,701,0.260691707,508350,0,1991,Other,233,72,B,2013,22
170,252,32,0.126984127,3800000,0,1977,USA,215,76,R,2000,23
620,1898,480,0.252897787,505625,1,1984,USA,211,72,L,2012,28
235,247,22,0.089068826,4059062.5,1,1983,Other,220,72,R,2005,22
156,175,25,0.142857143,980000,0,1986,USA,235,80,R,2008,22
1542,5478,1683,0.307228916,10586808.13,1,1983,Other,220,74,L,2007,24
165,248,23,0.092741935,523000,0,1991,USA,215,78,R,2013,22
21,28,1,0.035714286,4.00E+06,0,1981,Other,180,71,L,2014,33
283,557,99,0.177737882,11726562.5,1,1981,USA,230,79,R,2005,24
1288,4544,1215,0.267385563,4756166.667,0,1985,USA,214,74,B,2009,24
97,65,13,0.2,520850,0,1992,USA,235,76,R,2013,21
494,1284,305,0.237538941,637666.6667,0,1986,USA,250,74,L,2010,24
38,47,4,0.085106383,507500,0,1989,USA,200,73,B,2016,27
85,170,30,0.176470588,509600,0,1989,USA,210,74,B,2013,24
77,28,2,0.071428571,2640000,0,1980,Other,225,76,R,2005,25
254,47,3,0.063829787,12086875,1,1982,USA,210,79,R,2006,24
260,955,243,0.254450262,498750,0,1987,USA,170,69,B,2011,24
879,2802,692,0.246966453,5775000,1,1982,USA,210,72,R,2003,21
43,59,7,0.118644068,2525000,0,1978,USA,215,74,R,2003,25
277,688,158,0.229651163,470533.3333,0,1984,USA,220,74,R,2010,26
94,146,25,0.171232877,451000,0,1982,USA,230,77,R,2008,26
1123,4090,1098,0.268459658,14180987.5,1,1979,USA,235,77,R,2002,23
119,157,20,0.127388535,9250000,0,1977,USA,210,75,R,2000,23
109,206,48,0.233009709,5.00E+05,0,1988,USA,230,75,L,2012,24
130,220,33,0.15,529312.5,0,1990,USA,195,76,L,2013,23
207,502,105,0.209163347,415000,0,1979,USA,220,74,R,2005,26
257,760,179,0.235526316,507500,0,1990,USA,238,71,R,2016,26
1148,3959,989,0.249810558,5521750,1,1986,USA,235,77,B,2009,23
578,1764,436,0.247165533,3200000,1,1977,USA,215,72,R,2002,25
39,38,13,0.342105263,1.10E+07,1,1982,USA,230,74,L,2003,21
160,51,5,0.098039216,820000,0,1981,USA,260,75,R,2003,22
731,2490,610,0.24497992,5758333.333,0,1979,USA,230,74,R,2004,25
87,217,62,0.285714286,509700,0,1991,USA,195,73,L,2015,24
379,926,188,0.203023758,501375,0,1983,USA,230,72,R,2008,25
286,851,207,0.243243243,4600000,1,1977,USA,200,72,R,2001,24
265,743,190,0.255720054,5350000,1,1974,USA,175,74,B,1998,24
336,641,153,0.238689548,625000,0,1978,USA,200,72,L,2000,22
132,86,11,0.127906977,507500,0,1992,USA,215,75,R,2015,23
149,253,47,0.185770751,8189128.25,1,1976,USA,205,72,L,1999,23
349,975,233,0.238974359,507500,0,1992,USA,207,70,L,2016,24
799,2516,655,0.260333863,756666.6667,0,1990,USA,185,67,L,2013,23
180,238,23,0.096638655,518750,1,1991,USA,215,76,R,2013,22
204,517,95,0.183752418,415000,0,1985,USA,205,75,R,2007,22
330,298,55,0.184563758,3341200,0,1987,USA,175,71,R,2010,23
168,157,22,0.140127389,1517500,0,1987,USA,240,74,R,2010,23
882,3348,958,0.28614098,14632109,1,1982,USA,205,72,R,2004,22
920,3541,1067,0.301327309,691666.6667,1,1991,USA,195,75,L,2013,22
154,74,15,0.202702703,3045833.333,1,1979,USA,255,82,R,2004,25
1127,3446,802,0.232733604,5343750,1,1983,USA,200,74,R,2006,23
774,2762,769,0.278421434,3146166.667,0,1985,USA,240,75,R,2006,21
234,545,139,0.255045872,425250,0,1982,USA,209,70,B,2006,24
651,1725,422,0.244637681,955750,0,1985,USA,195,70,B,2009,24
25,58,11,0.189655172,414000,0,1982,USA,175,68,L,2011,29
754,2958,887,0.299864773,15390884.6,1,1976,USA,200,73,R,2000,24
137,199,47,0.236180905,18875000,1,1981,Other,275,76,B,2001,20
118,364,95,0.260989011,1700000,0,1971,USA,170,70,B,1995,24
277,334,56,0.167664671,8344166.667,0,1986,USA,225,74,R,2009,23
1244,4646,1290,0.277658201,10850000,1,1984,USA,215,75,R,2005,21
146,202,21,0.103960396,18900000,1,1978,USA,205,74,L,2000,22
1506,5402,1460,0.27027027,5114487.5,1,1981,USA,210,75,B,2006,25
